ID,Age Group,Income
0,Young,25000
1,Middle Age,54000
2,Old,60000
3,Young,15000
4,Young,45000
5,Young,65000
6,Young,70000
7,Young,30000
8,Middle Age,27000
9,Young,23000
10,Young,48000
11,Old,52000
12,Young,33000
13,Old,80000
14,Old,75000
15,Old,35000
16,Middle Age,29000
17,Middle Age,57000
18,Old,43000
19,Middle Age,56000
20,Old,63000
21,Old,32000
22,Old,45000
23,Old,89000
24,Middle Age,90000
25,Middle Age,93000
26,Young,80000
27,Young,87000
28,Young,38000
29,Young,23000
30,Middle Age,38900
31,Middle Age,53200
32,Old,43800
33,Middle Age,25600
34,Middle Age,65400
35,Old,76800
36,Old,89700
37,Old,41800
38,Young,31900
39,Old,25600
40,Middle Age,45700
41,Old,35600
42,Young,54300
43,Middle Age,65400
44,Old,67800
45,Old,24500
46,Middle Age,34900
47,Old,45300
48,Young,68400
49,Middle Age,51700